corridor,arm,split,quotes,transfers,conversion_rate,revenue_usd,contribution_per_quote_usd,average_effective_price_pct
Market-A,current,train,1941,1130,0.5821741370427614,6640.0,2.613086038124678,1.7800103039670272
Market-A,current,validation,674,396,0.5875370919881305,2323.5,2.6325667655786353,1.7898120672601383
Market-A,high,train,1982,1011,0.5100908173562059,7254.0,2.946871846619576,2.127547931382442
Market-A,high,validation,713,347,0.48667601683029454,2454.6,2.7664095371669006,2.162692847124825
Market-A,low,train,1959,1313,0.6702399183256764,5966.0,2.128560490045942,1.4328398842947083
Market-A,low,validation,606,414,0.6831683168316832,1887.6000000000001,2.1789603960396042,1.4455445544554455
Market-B,current,train,2004,647,0.32285429141716565,4741.5,1.9034181636726548,2.1679141716566868
Market-B,current,validation,681,225,0.3303964757709251,1615.5,1.9037444933920706,2.1923641703377386
Market-B,high,train,2030,481,0.23694581280788177,4384.8,1.814137931034483,2.621674876847291
Market-B,high,validation,689,167,0.24238026124818576,1560.6000000000001,1.9066037735849057,2.613352685050798
Market-B,low,train,2013,891,0.4426229508196721,5108.400000000001,1.910655737704918,1.732935916542474
Market-B,low,validation,662,279,0.4214501510574018,1582.8000000000002,1.7970543806646526,1.7528700906344412
Market-C,current,train,2011,1145,0.5693684733963202,9155.0,3.7555942317255098,2.560086192607326
Market-C,current,validation,704,414,0.5880681818181818,3267.0,3.823721590909091,2.5634469696969697
Market-C,high,train,2029,1037,0.5110892065056678,9969.0,4.197166091670774,3.0740266140956134
Market-C,high,validation,677,332,0.49039881831610044,3301.8,4.176440177252585,3.0493353028064996
Market-C,low,train,1955,1290,0.659846547314578,8088.0,3.2240409207161127,2.049445865302643
Market-C,low,validation,670,429,0.6402985074626866,2678.4,3.1137313432835825,2.0386069651741296
